{
	"class_name" : "PoseGraph",
	"edges" : 
	[
		{
			"class_name" : "PoseGraphEdge",
			"confidence" : 1.0,
			"information" : 
			[
				21626.11957275165,
				-1961.8115232965374,
				12063.725275378671,
				0.0,
				-84401.810413606465,
				-6467.9975795919163,
				-1961.8115232965374,
				29665.912569520984,
				2422.2745458050917,
				84401.810413606465,
				0.0,
				42973.961103666137,
				12063.725275378671,
				2422.2745458050917,
				10991.694490278836,
				6467.9975795919163,
				-42973.961103666137,
				0.0,
				0.0,
				84401.810413606465,
				6467.9975795919163,
				425181.0,
				0.0,
				0.0,
				-84401.810413606465,
				0.0,
				-42973.961103666137,
				0.0,
				425181.0,
				0.0,
				-6467.9975795919163,
				42973.961103666137,
				0.0,
				0.0,
				0.0,
				425181.0
			],
			"source_node_id" : 0,
			"target_node_id" : 1,
			"transformation" : 
			[
				1.0,
				0.0,
				0.0,
				0.0,
				0.0,
				1.0,
				0.0,
				0.0,
				0.0,
				0.0,
				1.0,
				0.0,
				0.0,
				0.0,
				0.0,
				1.0
			],
			"uncertain" : false,
			"version_major" : 1,
			"version_minor" : 0
		},
		{
			"class_name" : "PoseGraphEdge",
			"confidence" : 1.0,
			"information" : 
			[
				21626.11957275165,
				-1961.8115232965374,
				12063.725275378672,
				0.0,
				-84401.810413606465,
				-6467.9975795919163,
				-1961.8115232965374,
				29665.912569520984,
				2422.2745458050913,
				84401.810413606465,
				0.0,
				42973.961103666137,
				12063.725275378672,
				2422.2745458050913,
				10991.694490278836,
				6467.9975795919163,
				-42973.961103666137,
				0.0,
				0.0,
				84401.810413606465,
				6467.9975795919163,
				425181.0,
				0.0,
				0.0,
				-84401.810413606465,
				0.0,
				-42973.961103666137,
				0.0,
				425181.0,
				0.0,
				-6467.9975795919163,
				42973.961103666137,
				0.0,
				0.0,
				0.0,
				425181.0
			],
			"source_node_id" : 0,
			"target_node_id" : 2,
			"transformation" : 
			[
				1.0,
				0.0,
				0.0,
				0.0,
				0.0,
				1.0,
				0.0,
				0.0,
				0.0,
				0.0,
				1.0,
				0.0,
				0.0,
				0.0,
				0.0,
				1.0
			],
			"uncertain" : true,
			"version_major" : 1,
			"version_minor" : 0
		},
		{
			"class_name" : "PoseGraphEdge",
			"confidence" : 1.0,
			"information" : 
			[
				21626.119572751653,
				-1961.811523296537,
				12063.725275378671,
				0.0,
				-84401.810413606465,
				-6467.9975795919163,
				-1961.811523296537,
				29665.91256952098,
				2422.2745458050913,
				84401.810413606465,
				0.0,
				42973.961103666137,
				12063.725275378671,
				2422.2745458050913,
				10991.694490278836,
				6467.9975795919163,
				-42973.961103666137,
				0.0,
				0.0,
				84401.810413606465,
				6467.9975795919163,
				425181.0,
				0.0,
				0.0,
				-84401.810413606465,
				0.0,
				-42973.961103666137,
				0.0,
				425181.0,
				0.0,
				-6467.9975795919163,
				42973.961103666137,
				0.0,
				0.0,
				0.0,
				425181.0
			],
			"source_node_id" : 1,
			"target_node_id" : 2,
			"transformation" : 
			[
				1.0,
				0.0,
				0.0,
				0.0,
				0.0,
				1.0,
				0.0,
				0.0,
				0.0,
				0.0,
				1.0,
				0.0,
				0.0,
				0.0,
				0.0,
				1.0
			],
			"uncertain" : false,
			"version_major" : 1,
			"version_minor" : 0
		}
	],
	"nodes" : 
	[
		{
			"class_name" : "PoseGraphNode",
			"pose" : 
			[
				1.0,
				0.0,
				0.0,
				0.0,
				0.0,
				1.0,
				0.0,
				0.0,
				0.0,
				0.0,
				1.0,
				0.0,
				0.0,
				0.0,
				0.0,
				1.0
			],
			"version_major" : 1,
			"version_minor" : 0
		},
		{
			"class_name" : "PoseGraphNode",
			"pose" : 
			[
				1.0,
				0.0,
				0.0,
				0.0,
				0.0,
				1.0,
				0.0,
				0.0,
				0.0,
				0.0,
				1.0,
				0.0,
				0.0,
				0.0,
				0.0,
				1.0
			],
			"version_major" : 1,
			"version_minor" : 0
		},
		{
			"class_name" : "PoseGraphNode",
			"pose" : 
			[
				1.0,
				0.0,
				0.0,
				0.0,
				0.0,
				1.0,
				0.0,
				0.0,
				0.0,
				0.0,
				1.0,
				0.0,
				0.0,
				0.0,
				0.0,
				1.0
			],
			"version_major" : 1,
			"version_minor" : 0
		}
	],
	"version_major" : 1,
	"version_minor" : 0
}