{
	"class_name" : "PoseGraph",
	"edges" : 
	[
		{
			"class_name" : "PoseGraphEdge",
			"confidence" : 1.0,
			"information" : 
			[
				155727.09026480236,
				-3273.4994954154495,
				3082.6649387766079,
				0.0,
				-314539.6415950954,
				-9663.1479976314004,
				-3273.4994954154495,
				180901.63238016563,
				5520.2609754505174,
				314539.6415950954,
				0.0,
				13194.563255379209,
				3082.6649387766079,
				5520.2609754505174,
				51290.422865391076,
				9663.1479976314004,
				-13194.563255379209,
				0.0,
				0.0,
				314539.6415950954,
				9663.1479976314004,
				705478.0,
				0.0,
				0.0,
				-314539.6415950954,
				0.0,
				-13194.563255379209,
				0.0,
				705478.0,
				0.0,
				-9663.1479976314004,
				13194.563255379209,
				0.0,
				0.0,
				0.0,
				705478.0
			],
			"source_node_id" : 0,
			"target_node_id" : 1,
			"transformation" : 
			[
				0.98881599575296031,
				-0.047469297331321783,
				0.14138455486350615,
				0.0,
				0.090940548446849082,
				0.94327323449228018,
				-0.31932024949673499,
				0.0,
				-0.11820635850607843,
				0.32860655943139849,
				0.937040546565298,
				0.0,
				0.023013810447149882,
				-0.13728416357068451,
				0.043689162304591078,
				1.0
			],
			"uncertain" : false,
			"version_major" : 1,
			"version_minor" : 0
		},
		{
			"class_name" : "PoseGraphEdge",
			"confidence" : 0.9918116701234504,
			"information" : 
			[
				142144.11345352494,
				-1643.8349402074382,
				23308.717898827963,
				0.0,
				-288670.10545280576,
				-21114.103173955649,
				-1643.8349402074382,
				159046.62384489772,
				9897.428724209647,
				288670.10545280576,
				0.0,
				39027.722034356208,
				23308.717898827963,
				9897.428724209647,
				44667.153844438144,
				21114.103173955649,
				-39027.722034356208,
				0.0,
				0.0,
				288670.10545280576,
				21114.103173955649,
				666428.0,
				0.0,
				0.0,
				-288670.10545280576,
				0.0,
				-39027.722034356208,
				0.0,
				666428.0,
				0.0,
				-21114.103173955649,
				39027.722034356208,
				0.0,
				0.0,
				0.0,
				666428.0
			],
			"source_node_id" : 0,
			"target_node_id" : 2,
			"transformation" : 
			[
				0.97388652048195734,
				-0.045364561165321983,
				-0.22245696620655639,
				0.0,
				0.00038532005401927102,
				0.98016294730496001,
				-0.19819295713751289,
				0.0,
				0.22703501217213878,
				0.1929317322804463,
				0.95458496213132571,
				0.0,
				-0.082636828308572371,
				-0.12435808647255087,
				0.011305656558456369,
				1.0
			],
			"uncertain" : true,
			"version_major" : 1,
			"version_minor" : 0
		},
		{
			"class_name" : "PoseGraphEdge",
			"confidence" : 1.0,
			"information" : 
			[
				126582.6860329114,
				-3523.3842505081893,
				22784.479577698588,
				0.0,
				-255321.38226534426,
				-15367.99725831268,
				-3523.3842505081893,
				140833.51349485139,
				7827.3255478840865,
				255321.38226534426,
				0.0,
				37911.979827438714,
				22784.479577698588,
				7827.3255478840865,
				36670.039793837845,
				15367.99725831268,
				-37911.979827438714,
				0.0,
				0.0,
				255321.38226534426,
				15367.99725831268,
				579700.0,
				0.0,
				0.0,
				-255321.38226534426,
				0.0,
				-37911.979827438714,
				0.0,
				579700.0,
				0.0,
				-15367.99725831268,
				37911.979827438714,
				0.0,
				0.0,
				0.0,
				579700.0
			],
			"source_node_id" : 1,
			"target_node_id" : 2,
			"transformation" : 
			[
				0.93413456002175876,
				-0.029542974060847452,
				-0.35569626995035181,
				0.0,
				0.068565168191675588,
				0.99286074862046025,
				0.097603030484032433,
				0.0,
				0.35027338106656214,
				-0.11556273851228906,
				0.9294911575608128,
				0.0,
				-0.11738259666030167,
				0.005170586225278345,
				-0.0079185071170396158,
				1.0
			],
			"uncertain" : false,
			"version_major" : 1,
			"version_minor" : 0
		}
	],
	"nodes" : 
	[
		{
			"class_name" : "PoseGraphNode",
			"pose" : 
			[
				1.0,
				-1.6940658945086007e-19,
				0.0,
				0.0,
				-1.4907779871675686e-19,
				1.0000000000000002,
				-1.7347234759768071e-18,
				0.0,
				-4.3368086899420177e-19,
				-1.7347234759768071e-18,
				1.0,
				0.0,
				-2.1684043449710089e-19,
				0.0,
				0.0,
				1.0
			],
			"version_major" : 1,
			"version_minor" : 0
		},
		{
			"class_name" : "PoseGraphNode",
			"pose" : 
			[
				0.98960499300312121,
				0.075503454575869058,
				-0.12239765590240173,
				0.0,
				-0.03357428026498753,
				0.94887015000025088,
				0.31387609998722554,
				0.0,
				0.13983821197362742,
				-0.30650394252866042,
				0.94154161229677202,
				0.0,
				-0.035233334337867184,
				0.13547816890228123,
				0.0036052113641544285,
				1.0
			],
			"version_major" : 1,
			"version_minor" : 0
		},
		{
			"class_name" : "PoseGraphNode",
			"pose" : 
			[
				0.97253245981146841,
				0.011555354971763174,
				0.23248029676626872,
				0.0,
				-0.059813500425123303,
				0.97763491651863599,
				0.20162419291963518,
				0.0,
				-0.22495101640123799,
				-0.20999153262709688,
				0.9514728563889624,
				0.0,
				0.077933028066211066,
				0.12884582397733338,
				0.035280321362795693,
				1.0
			],
			"version_major" : 1,
			"version_minor" : 0
		}
	],
	"version_major" : 1,
	"version_minor" : 0
}