{
	"class_name" : "PoseGraph",
	"edges" : 
	[
		{
			"class_name" : "PoseGraphEdge",
			"confidence" : 1.0,
			"information" : 
			[
				205429.07168014694,
				10699.650754609813,
				-48571.292255551198,
				0.0,
				-327754.26725448668,
				-23094.20445267886,
				10699.650754609813,
				262718.44060530432,
				23213.202534104952,
				327754.26725448668,
				0.0,
				-39523.301104722719,
				-48571.292255551198,
				23213.202534104952,
				93003.951252536965,
				23094.20445267886,
				39523.301104722719,
				0.0,
				0.0,
				327754.26725448668,
				23094.20445267886,
				648680.0,
				0.0,
				0.0,
				-327754.26725448668,
				0.0,
				39523.301104722719,
				0.0,
				648680.0,
				0.0,
				-23094.20445267886,
				-39523.301104722719,
				0.0,
				0.0,
				0.0,
				648680.0
			],
			"source_node_id" : 0,
			"target_node_id" : 1,
			"transformation" : 
			[
				0.99949921385647389,
				0.027291717984860676,
				-0.016015106297704983,
				0.0,
				-0.026143644408533125,
				0.99734418457716578,
				0.06797858006129065,
				0.0,
				0.017827825367445285,
				-0.067525844086127065,
				0.9975582333994959,
				0.0,
				0.01391132677953871,
				0.057790425365571704,
				-0.011364694507763463,
				1.0
			],
			"uncertain" : false,
			"version_major" : 1,
			"version_minor" : 0
		},
		{
			"class_name" : "PoseGraphEdge",
			"confidence" : 0.9999354920361061,
			"information" : 
			[
				126005.15554820737,
				4727.9759778548341,
				-10988.162752661319,
				0.0,
				-236336.29326106608,
				-26084.774207684713,
				4727.9759778548341,
				152270.11986895814,
				20769.824010446209,
				236336.29326106608,
				0.0,
				-1236.4753381656374,
				-10988.162752661319,
				20769.824010446209,
				52092.38563567173,
				26084.774207684713,
				1236.4753381656374,
				0.0,
				0.0,
				236336.29326106608,
				26084.774207684713,
				559957.0,
				0.0,
				0.0,
				-236336.29326106608,
				0.0,
				1236.4753381656374,
				0.0,
				559957.0,
				0.0,
				-26084.774207684713,
				-1236.4753381656374,
				0.0,
				0.0,
				0.0,
				559957.0
			],
			"source_node_id" : 0,
			"target_node_id" : 2,
			"transformation" : 
			[
				0.98798082015027244,
				0.014541832473720297,
				-0.15389098129358122,
				0.0,
				-0.0055724914012460986,
				0.99826861030841607,
				0.058555349990294166,
				0.0,
				0.15447603812494098,
				-0.05699400653760945,
				0.98635127457920035,
				0.0,
				-0.040315356674278977,
				-0.017153397577035084,
				-0.046191420625625527,
				1.0
			],
			"uncertain" : true,
			"version_major" : 1,
			"version_minor" : 0
		},
		{
			"class_name" : "PoseGraphEdge",
			"confidence" : 1.0,
			"information" : 
			[
				127893.65329781926,
				4259.9664676941075,
				-12446.526347622852,
				0.0,
				-235660.67165504396,
				-35117.054828587519,
				4259.9664676941075,
				155077.01301699458,
				23348.993006935489,
				235660.67165504396,
				0.0,
				-5848.6480209396723,
				-12446.526347622852,
				23348.993006935489,
				52359.74129954927,
				35117.054828587519,
				5848.6480209396723,
				0.0,
				0.0,
				235660.67165504396,
				35117.054828587519,
				532920.0,
				0.0,
				0.0,
				-235660.67165504396,
				0.0,
				5848.6480209396723,
				0.0,
				532920.0,
				0.0,
				-35117.054828587519,
				-5848.6480209396723,
				0.0,
				0.0,
				0.0,
				532920.0
			],
			"source_node_id" : 1,
			"target_node_id" : 2,
			"transformation" : 
			[
				0.99044525908430836,
				-0.0099706910362686568,
				-0.13754553456102281,
				0.0,
				0.0082022611164811621,
				0.99987633426371303,
				-0.013417864656388332,
				0.0,
				0.13766231027407363,
				0.012161476046079213,
				0.99040455715348275,
				0.0,
				-0.053184518065867256,
				-0.074831065922039294,
				-0.032517281724964715,
				1.0
			],
			"uncertain" : false,
			"version_major" : 1,
			"version_minor" : 0
		}
	],
	"nodes" : 
	[
		{
			"class_name" : "PoseGraphNode",
			"pose" : 
			[
				1.0,
				6.5606175923418284e-20,
				0.0,
				0.0,
				-4.2814041325132159e-20,
				1.0,
				0.0,
				0.0,
				0.0,
				0.0,
				1.0,
				0.0,
				-6.7762635780344027e-21,
				0.0,
				0.0,
				1.0
			],
			"version_major" : 1,
			"version_minor" : 0
		},
		{
			"class_name" : "PoseGraphNode",
			"pose" : 
			[
				0.99951302319763569,
				-0.025592660691993733,
				0.017853071921258488,
				0.0,
				0.026745068693379302,
				0.99735298133927663,
				-0.067614583591427718,
				0.0,
				-0.016075377411045911,
				0.068059138492638935,
				0.99755177104185067,
				0.0,
				-0.015639113588337382,
				-0.056446297883815992,
				0.014935885677693455,
				1.0
			],
			"version_major" : 1,
			"version_minor" : 0
		},
		{
			"class_name" : "PoseGraphNode",
			"pose" : 
			[
				0.98797725868344599,
				-0.006648902503552546,
				0.15445623464217748,
				0.0,
				0.015522220926686316,
				0.99829243776327536,
				-0.056314024560132007,
				0.0,
				-0.15381806454979285,
				0.058034479407971386,
				0.9863934317593569,
				0.0,
				0.033029294807306389,
				0.019663768273660051,
				0.050920190203501317,
				1.0
			],
			"version_major" : 1,
			"version_minor" : 0
		}
	],
	"version_major" : 1,
	"version_minor" : 0
}