{
	"class_name" : "PoseGraph",
	"edges" : 
	[
		{
			"class_name" : "PoseGraphEdge",
			"confidence" : 1.0,
			"information" : 
			[
				36248.789312395122,
				430.52254258686798,
				162.76909296828285,
				0.0,
				-114247.06103073061,
				13727.214563940757,
				430.52254258686798,
				40504.337382020356,
				-3796.2582260430395,
				114247.06103073061,
				0.0,
				-8174.9802694160699,
				162.76909296828285,
				-3796.2582260430395,
				10708.00978205454,
				-13727.214563940757,
				8174.9802694160699,
				0.0,
				0.0,
				114247.06103073061,
				-13727.214563940757,
				411489.0,
				0.0,
				0.0,
				-114247.06103073061,
				0.0,
				8174.9802694160699,
				0.0,
				411489.0,
				0.0,
				13727.214563940757,
				-8174.9802694160699,
				0.0,
				0.0,
				0.0,
				411489.0
			],
			"source_node_id" : 0,
			"target_node_id" : 1,
			"transformation" : 
			[
				0.98456204898082644,
				0.030502726178355571,
				0.17235763807375915,
				0.0,
				-0.030790408994276982,
				0.99952535793102548,
				-0.0010047720244099857,
				0.0,
				-0.17230647817375241,
				-0.0043177017664668468,
				0.98503392582733595,
				0.0,
				0.060788177783744311,
				0.02467844646268719,
				-0.03463428656939474,
				1.0
			],
			"uncertain" : false,
			"version_major" : 1,
			"version_minor" : 0
		},
		{
			"class_name" : "PoseGraphEdge",
			"confidence" : 0.7316706415770442,
			"information" : 
			[
				25230.197858611416,
				-928.80932397847164,
				-3546.8727686210091,
				0.0,
				-78708.641412287951,
				15386.76701606172,
				-928.80932397847164,
				26197.731978285927,
				-4427.5721540576496,
				78708.641412287951,
				0.0,
				-15907.423079661492,
				-3546.8727686210091,
				-4427.5721540576496,
				6128.2663214772592,
				-15386.76701606172,
				15907.423079661492,
				0.0,
				0.0,
				78708.641412287951,
				-15386.76701606172,
				281433.0,
				0.0,
				0.0,
				-78708.641412287951,
				0.0,
				15907.423079661492,
				0.0,
				281433.0,
				0.0,
				15386.76701606172,
				-15907.423079661492,
				0.0,
				0.0,
				0.0,
				281433.0
			],
			"source_node_id" : 0,
			"target_node_id" : 2,
			"transformation" : 
			[
				0.99902024263487132,
				0.04355652745478733,
				-0.0078347764385551383,
				0.0,
				-0.044032922926239122,
				0.99602937269546266,
				-0.07737306008201425,
				0.0,
				0.0044335656455801141,
				0.077642241363599721,
				0.99697142679803141,
				0.0,
				0.015853754577690293,
				-0.029315376776904694,
				0.0068474596050105835,
				1.0
			],
			"uncertain" : true,
			"version_major" : 1,
			"version_minor" : 0
		},
		{
			"class_name" : "PoseGraphEdge",
			"confidence" : 1.0,
			"information" : 
			[
				33037.163519942151,
				-831.01131875841963,
				-3344.6477885046174,
				0.0,
				-103437.26365706325,
				20131.932228232676,
				-831.01131875841963,
				33870.61640314418,
				-5842.1742857521185,
				103437.26365706325,
				0.0,
				-16574.083448784906,
				-3344.6477885046174,
				-5842.1742857521185,
				7552.3182900122947,
				-20131.932228232676,
				16574.083448784906,
				0.0,
				0.0,
				103437.26365706325,
				-20131.932228232676,
				371790.0,
				0.0,
				0.0,
				-103437.26365706325,
				0.0,
				16574.083448784906,
				0.0,
				371790.0,
				0.0,
				20131.932228232676,
				-16574.083448784906,
				0.0,
				0.0,
				0.0,
				371790.0
			],
			"source_node_id" : 1,
			"target_node_id" : 2,
			"transformation" : 
			[
				0.9967566229626913,
				0.059022527308299606,
				-0.05470444086318324,
				0.0,
				-0.056850892117049696,
				0.9975633526246559,
				0.040439257729982463,
				0.0,
				0.056957972624629545,
				-0.037198101704218868,
				0.9976833618859714,
				0.0,
				-0.00027051039887032621,
				0.037248091989227641,
				0.012139613533808293,
				1.0
			],
			"uncertain" : false,
			"version_major" : 1,
			"version_minor" : 0
		}
	],
	"nodes" : 
	[
		{
			"class_name" : "PoseGraphNode",
			"pose" : 
			[
				1.0,
				-4.87890977618477e-19,
				0.0,
				0.0,
				2.9815559743351372e-18,
				0.99999999999999989,
				0.0,
				0.0,
				3.4694469519536142e-18,
				3.4694469519536142e-18,
				0.99999999999999989,
				0.0,
				1.7347234759768071e-18,
				-3.4694469519536142e-18,
				0.0,
				1.0
			],
			"version_major" : 1,
			"version_minor" : 0
		},
		{
			"class_name" : "PoseGraphNode",
			"pose" : 
			[
				0.98699166060460886,
				-0.0022149147533522301,
				-0.16075620065674656,
				0.0,
				0.0015083702739054998,
				0.99998866056034008,
				-0.0045170310883493915,
				0.0,
				0.16076438261030832,
				0.0042157921404759255,
				0.98698380958380205,
				0.0,
				-0.048712475475837409,
				-0.010585878720239771,
				0.038836978711437237,
				1.0
			],
			"version_major" : 1,
			"version_minor" : 0
		},
		{
			"class_name" : "PoseGraphNode",
			"pose" : 
			[
				0.99668273297141741,
				-0.036200054254984702,
				-0.072890917599936877,
				0.0,
				0.03708258982013124,
				0.99925394494796105,
				0.010790506854087768,
				0.0,
				0.072445920029057059,
				-0.013457695860450546,
				0.99728154454660944,
				0.0,
				-0.039084146510684287,
				-0.016744059455070355,
				0.015613142782171102,
				1.0
			],
			"version_major" : 1,
			"version_minor" : 0
		}
	],
	"version_major" : 1,
	"version_minor" : 0
}